id,first_name,last_name,email,gender,ip_address
1,Dierdre,Abbotson,dabbotson0@ucla.edu,Female,92.80.182.85
2,Balduin,Rigardeau,brigardeau1@mashable.com,Male,50.208.4.22
3,Chane,Fitzroy,cfitzroy2@fema.gov,Bigender,201.222.233.23
4,Barbaraanne,Woodburne,bwoodburne3@newsvine.com,Female,208.156.193.90
5,Rosabella,Jewson,rjewson4@ed.gov,Female,124.169.77.111
6,Dayna,Rapper,drapper5@netscape.com,Female,90.101.247.178
7,Kasper,Carlisso,kcarlisso6@google.com.hk,Male,174.191.185.4
8,Kimmie,Scatcher,kscatcher7@si.edu,Female,55.71.209.126
9,Amalie,Tante,atante8@spiegel.de,Female,133.241.101.232
10,Ammamaria,Boutflour,aboutflour9@last.fm,Female,119.157.172.147
11,Linnea,Gilligan,lgilligana@unicef.org,Female,40.239.231.212
12,Dorian,Ivy,divyb@moonfruit.com,Male,212.83.10.91
13,Jessalyn,Kenford,jkenfordc@macromedia.com,Female,220.176.113.239
14,Loise,Dober,ldoberd@spiegel.de,Female,88.57.231.193
15,Clay,Cornils,ccornilse@bbb.org,Male,80.249.240.136
16,Iseabal,Humpatch,ihumpatchf@godaddy.com,Female,90.247.216.140
17,Winni,Codeman,wcodemang@kickstarter.com,Female,158.147.133.89
18,Lynne,Marchetti,lmarchettih@comsenz.com,Female,29.15.57.224
19,Dominga,Mebs,dmebsi@cpanel.net,Female,17.42.223.122
20,Katherine,Yurkiewicz,kyurkiewiczj@examiner.com,Female,192.249.91.1
21,Violette,Rickaby,vrickabyk@unicef.org,Female,160.205.123.249
22,Antone,Earp,aearpl@si.edu,Agender,20.168.247.54
23,Issy,Rableau,irableaum@altervista.org,Female,140.111.251.149
24,Andrea,Ingman,aingmann@europa.eu,Female,147.209.245.88
25,Lara,Bubbins,lbubbinso@reference.com,Female,7.220.248.12
26,Mariana,Robinson,mrobinsonp@xing.com,Female,190.160.216.189
27,Dominick,Stapford,dstapfordq@ebay.com,Male,231.207.207.229
28,Abby,Outibridge,aoutibridger@creativecommons.org,Male,21.250.38.15
29,Kellyann,Tothe,ktothes@miitbeian.gov.cn,Female,70.180.76.28
30,Wynnie,Britton,wbrittont@tinypic.com,Female,235.166.85.22
31,Hyacinthe,End,hendu@printfriendly.com,Female,95.163.99.35
32,Bert,Pahler,bpahlerv@bizjournals.com,Male,136.251.236.121
33,Wendy,Bowmaker,wbowmakerw@live.com,Female,87.197.100.33
34,Wileen,Montague,wmontaguex@wired.com,Female,179.178.72.192
35,Schuyler,Emes,semesy@istockphoto.com,Male,46.185.171.213
36,Brander,Gradwell,bgradwellz@samsung.com,Male,166.251.107.44
37,Vivie,Raubenheimer,vraubenheimer10@cbsnews.com,Female,11.224.252.181
38,Nadine,Pritchard,npritchard11@apache.org,Female,157.102.233.253
39,Clarette,Fairlie,cfairlie12@a8.net,Female,173.213.229.9
40,Zane,Harkness,zharkness13@buzzfeed.com,Male,79.41.99.248
41,Malory,Hunnable,mhunnable14@fda.gov,Female,148.85.56.100
42,Gaynor,Dunn,gdunn15@e-recht24.de,Female,118.149.53.179
43,Roxine,Reddell,rreddell16@nhs.uk,Female,6.203.137.222
44,Ceciley,Pasek,cpasek17@goodreads.com,Female,243.60.157.83
45,Hinze,Bilbrooke,hbilbrooke18@nhs.uk,Male,122.175.249.49
46,Leif,Covert,lcovert19@bigcartel.com,Male,231.135.10.214
47,Clayborne,Meenan,cmeenan1a@amazon.de,Male,96.12.19.88
48,Idell,Safont,isafont1b@spotify.com,Female,163.59.167.46
49,Prudi,Baise,pbaise1c@opensource.org,Female,173.104.251.98
50,Johanna,Jersch,jjersch1d@constantcontact.com,Female,192.111.60.93
51,Erwin,Strattan,estrattan1e@cbsnews.com,Male,116.121.42.159
52,Twila,Loadsman,tloadsman1f@ifeng.com,Female,153.130.45.66
53,Dennis,Brass,dbrass1g@wsj.com,Male,177.205.54.118
54,Melisande,Sugars,msugars1h@goodreads.com,Female,89.226.12.173
55,Monica,Mynott,mmynott1i@shinystat.com,Female,48.45.225.117
56,Carmita,Bolton,cbolton1j@reverbnation.com,Female,44.245.43.214
57,Juana,Leupold,jleupold1k@exblog.jp,Female,89.102.77.236
58,Orly,Trime,otrime1l@aboutads.info,Female,191.42.26.248
59,Sollie,Sparrowe,ssparrowe1m@economist.com,Male,17.7.49.93
60,Derrik,Ambrosoli,dambrosoli1n@scientificamerican.com,Male,255.69.249.133
61,Johan,Shanklin,jshanklin1o@miibeian.gov.cn,Male,55.110.242.64
62,Corrianne,Rankine,crankine1p@patch.com,Female,157.200.22.110
63,Malena,Barrable,mbarrable1q@amazon.co.uk,Female,241.158.90.197
64,Garrik,Worge,gworge1r@opera.com,Male,254.224.122.185
65,Carey,Biggs,cbiggs1s@msu.edu,Female,117.205.190.6
66,Rex,Hall-Gough,rhallgough1t@blogs.com,Genderfluid,29.32.39.218
67,Katuscha,Simester,ksimester1u@bigcartel.com,Genderqueer,111.60.112.55
68,Louisa,Kilcoyne,lkilcoyne1v@independent.co.uk,Female,65.151.203.114
69,Earle,Ormiston,eormiston1w@last.fm,Male,134.81.124.21
70,Caralie,Valois,cvalois1x@acquirethisname.com,Non-binary,78.80.248.52
71,Corena,Size,csize1y@twitter.com,Female,239.78.233.112
72,Tully,Crosfeld,tcrosfeld1z@mapy.cz,Male,88.139.38.253
73,Humfrey,Winman,hwinman20@hatena.ne.jp,Male,207.136.149.31
74,Barbey,Sherrell,bsherrell21@foxnews.com,Female,33.216.22.234
75,Michaella,Fanning,mfanning22@youku.com,Female,121.90.204.205
76,Read,Olney,rolney23@ft.com,Male,255.52.67.79
77,Elianore,Runnett,erunnett24@wiley.com,Female,111.161.255.152
78,Bamby,Garrals,bgarrals25@tripod.com,Female,23.75.149.235
79,Ignazio,Titmarsh,ititmarsh26@biglobe.ne.jp,Male,176.168.217.15
80,Mia,Senecaux,msenecaux27@huffingtonpost.com,Female,233.86.7.68
81,Devina,Veivers,dveivers28@cyberchimps.com,Female,212.5.49.113
82,Betteanne,Pitceathly,bpitceathly29@craigslist.org,Female,198.177.32.57
83,Raf,O'Gready,rogready2a@example.com,Female,116.60.154.195
84,Cacilia,Keslake,ckeslake2b@rambler.ru,Female,125.71.197.198
85,Aubree,Gras,agras2c@sfgate.com,Female,219.135.152.80
86,Mel,Merrywether,mmerrywether2d@moonfruit.com,Female,200.118.196.121
87,Tomkin,Mulholland,tmulholland2e@hc360.com,Male,144.235.60.120
88,Staci,Townsend,stownsend2f@jigsy.com,Female,75.77.241.32
89,Ransom,Cluckie,rcluckie2g@usa.gov,Male,153.13.193.22
90,Eddie,Ianittello,eianittello2h@thetimes.co.uk,Male,204.8.44.4
91,Anselma,Semeniuk,asemeniuk2i@gizmodo.com,Bigender,4.213.7.69
92,Allyson,Hendrickx,ahendrickx2j@umn.edu,Female,170.166.119.1
93,Lawton,Duxbarry,lduxbarry2k@pbs.org,Male,40.12.172.198
94,Pablo,Hedon,phedon2l@nature.com,Male,118.140.57.204
95,Appolonia,Mathias,amathias2m@youtu.be,Female,103.18.215.249
96,Bertrand,Lufkin,blufkin2n@vinaora.com,Male,194.89.179.183
97,Jasmina,Kubec,jkubec2o@yellowpages.com,Female,244.187.227.164
98,Heddi,Curnick,hcurnick2p@pagesperso-orange.fr,Female,77.143.80.29
99,Borden,Gillicuddy,bgillicuddy2q@sohu.com,Male,10.85.11.251
100,Mano,Cockton,mcockton2r@meetup.com,Male,151.93.123.56
101,Aurore,Eveleigh,aeveleigh2s@privacy.gov.au,Female,10.100.149.49
102,Jaimie,Birtwell,jbirtwell2t@4shared.com,Male,154.9.121.210
103,Yvon,Tottem,ytottem2u@home.pl,Male,127.14.196.233
104,Dirk,Coil,dcoil2v@hostgator.com,Male,243.86.50.141
105,Becka,Eayres,beayres2w@jugem.jp,Female,75.51.117.85
106,Tonye,Beart,tbeart2x@kickstarter.com,Female,172.81.225.111
107,Christyna,Joel,cjoel2y@cisco.com,Female,52.77.174.221
108,Xena,Sleet,xsleet2z@free.fr,Female,65.100.75.76
109,Samara,MacLice,smaclice30@oracle.com,Female,32.183.182.1
110,Annissa,Gynne,agynne31@google.pl,Female,209.89.198.237
111,Brunhilda,Syplus,bsyplus32@wikispaces.com,Female,36.25.175.76
112,Holly,Guillond,hguillond33@dropbox.com,Agender,61.225.57.248
113,Thomasina,Epdell,tepdell34@bizjournals.com,Genderfluid,207.226.111.173
114,Em,Vanichkin,evanichkin35@nyu.edu,Male,246.144.232.242
115,Kary,Dewan,kdewan36@arizona.edu,Female,125.247.15.42
116,Kara-lynn,Hazzard,khazzard37@ucsd.edu,Female,163.55.116.15
117,Kissee,Bowditch,kbowditch38@yelp.com,Female,100.87.69.100
118,Sher,Rainer,srainer39@symantec.com,Female,164.108.169.79
119,Olly,Butterfield,obutterfield3a@cbc.ca,Male,115.102.19.235
120,Devondra,Cusack,dcusack3b@npr.org,Female,117.181.102.86
121,Danita,Enders,denders3c@ucoz.com,Female,97.211.170.125
122,Hillier,Alvarado,halvarado3d@rakuten.co.jp,Male,124.80.127.21
123,Cos,Stallan,cstallan3e@imageshack.us,Male,149.67.227.37
124,Everard,Hailes,ehailes3f@themeforest.net,Male,178.220.85.29
125,Lance,Wahner,lwahner3g@gizmodo.com,Male,35.195.44.218
126,Allene,Avon,aavon3h@weibo.com,Female,19.106.75.251
127,Missy,Hellin,mhellin3i@miitbeian.gov.cn,Female,147.103.107.125
128,Marilyn,Giraldon,mgiraldon3j@theglobeandmail.com,Female,84.109.17.253
129,Celestyn,Brindle,cbrindle3k@baidu.com,Genderfluid,9.112.29.43
130,Ajay,Jeandot,ajeandot3l@hao123.com,Female,129.192.100.5
131,Trstram,Burgher,tburgher3m@addtoany.com,Polygender,241.73.213.187
132,Verge,Duxbarry,vduxbarry3n@cdbaby.com,Male,158.199.195.109
133,Petey,Dahlback,pdahlback3o@barnesandnoble.com,Male,226.135.211.30
134,Emmery,Issac,eissac3p@nsw.gov.au,Genderqueer,20.189.184.213
135,Hyacinthie,Parlett,hparlett3q@mapy.cz,Female,156.180.247.138
136,Artur,Perillo,aperillo3r@paginegialle.it,Male,150.225.79.155
137,Rubie,Neary,rneary3s@tmall.com,Female,171.241.57.52
138,Ambros,McWaters,amcwaters3t@kickstarter.com,Male,240.16.203.213
139,Lynnette,McEttigen,lmcettigen3u@hao123.com,Female,95.20.33.213
140,Wain,Louedey,wlouedey3v@toplist.cz,Male,21.182.246.146
141,Suzy,Lethbrig,slethbrig3w@com.com,Female,103.228.20.64
142,Shannon,Menchenton,smenchenton3x@redcross.org,Bigender,94.188.99.138
143,Case,Glancy,cglancy3y@elegantthemes.com,Male,250.131.137.153
144,Odele,Gheraldi,ogheraldi3z@washington.edu,Female,175.143.30.54
145,Holly,Totton,htotton40@ameblo.jp,Male,104.19.199.135
146,Gayla,Prott,gprott41@google.it,Female,42.142.6.118
147,Ericha,Brokenbrow,ebrokenbrow42@earthlink.net,Female,41.177.126.225
148,Hillier,Danher,hdanher43@techcrunch.com,Male,126.154.172.70
149,Alisha,Clappson,aclappson44@seattletimes.com,Female,92.12.235.166
150,Thalia,Milmore,tmilmore45@example.com,Female,61.182.35.75
151,Parke,Kmietsch,pkmietsch46@sourceforge.net,Male,162.0.128.69
152,Rodina,Keane,rkeane47@spotify.com,Female,170.99.86.9
153,Elliott,Henricsson,ehenricsson48@huffingtonpost.com,Male,125.21.13.231
154,Vasilis,Broseke,vbroseke49@vimeo.com,Male,122.12.47.101
155,Victoir,Gerlack,vgerlack4a@vimeo.com,Male,174.110.34.36
156,Nikolos,Chrishop,nchrishop4b@amazon.co.uk,Male,90.228.171.47
157,Sharona,Blackleech,sblackleech4c@1688.com,Female,116.221.120.132
158,Enrichetta,Hornbuckle,ehornbuckle4d@mapy.cz,Female,143.51.11.223
159,Larry,Dancy,ldancy4e@google.com.br,Male,157.113.166.5
160,Oona,Suddick,osuddick4f@com.com,Female,51.155.148.200
161,Kent,Kemwall,kkemwall4g@t-online.de,Male,56.173.97.203
162,Alyda,Caccavella,acaccavella4h@imdb.com,Female,26.243.41.80
163,Tomaso,List,tlist4i@163.com,Male,100.6.184.97
164,Moreen,MacNamara,mmacnamara4j@360.cn,Female,26.152.247.172
165,Filippa,Scapens,fscapens4k@globo.com,Female,222.254.117.176
166,Dru,Croker,dcroker4l@clickbank.net,Male,0.43.85.99
167,Riordan,Peron,rperon4m@uiuc.edu,Male,37.104.153.58
168,Faydra,Picknett,fpicknett4n@google.ca,Female,51.26.239.159
169,Opal,Trask,otrask4o@omniture.com,Female,168.64.3.145
170,Rudolfo,Braycotton,rbraycotton4p@yellowpages.com,Male,118.1.115.94
171,Gearard,Gilgryst,ggilgryst4q@google.ru,Male,143.204.250.162
172,Bliss,De Winton,bdewinton4r@house.gov,Female,247.208.47.252
173,Brook,Polkinhorn,bpolkinhorn4s@bandcamp.com,Male,103.24.181.37
174,Isadora,Enstone,ienstone4t@archive.org,Female,200.182.45.39
175,Bree,Meyer,bmeyer4u@si.edu,Female,30.77.131.128
176,Ade,Ions,aions4v@slate.com,Male,211.213.206.252
177,Ezequiel,Cozby,ecozby4w@newyorker.com,Male,235.63.74.147
178,Norine,Henrie,nhenrie4x@bloglovin.com,Female,168.107.112.147
179,Roslyn,Carbin,rcarbin4y@sciencedaily.com,Genderfluid,220.164.118.56
180,Maggy,Gaymar,mgaymar4z@wordpress.com,Female,230.96.244.39
181,Eugenius,Jerrand,ejerrand50@paginegialle.it,Male,59.243.165.253
182,Claire,Pettus,cpettus51@biglobe.ne.jp,Female,7.222.242.157
183,Yalonda,Bryde,ybryde52@howstuffworks.com,Female,148.166.104.143
184,Arnaldo,Blondel,ablondel53@rediff.com,Male,210.240.246.242
185,Isidore,Caldero,icaldero54@slate.com,Male,228.156.153.135
186,Judith,Luff,jluff55@lulu.com,Female,168.46.218.249
187,Elie,Broz,ebroz56@va.gov,Polygender,172.17.58.174
188,Sherrie,Freeman,sfreeman57@jigsy.com,Female,65.63.51.140
189,Nickolai,Wohlers,nwohlers58@twitpic.com,Male,222.202.77.157
190,Pinchas,Giraldez,pgiraldez59@sciencedaily.com,Male,27.206.238.138
191,Purcell,Gantzer,pgantzer5a@gov.uk,Male,117.221.255.185
192,Bron,Ridd,bridd5b@buzzfeed.com,Male,249.196.24.32
193,Humberto,McGrayle,hmcgrayle5c@si.edu,Male,10.84.178.50
194,Huntlee,Pepler,hpepler5d@nba.com,Male,75.134.165.206
195,Odella,Gothrup,ogothrup5e@ask.com,Female,254.98.183.38
196,Colly,Lowndesbrough,clowndesbrough5f@behance.net,Non-binary,44.19.205.76
197,Normand,Greenman,ngreenman5g@wikispaces.com,Male,221.227.234.108
198,Ulrick,Dignum,udignum5h@cyberchimps.com,Male,214.36.152.33
199,Ossie,Joannidi,ojoannidi5i@alexa.com,Male,217.85.30.18
200,Marie-jeanne,Sparham,msparham5j@dell.com,Female,117.234.21.147
201,Cy,Cawsey,ccawsey5k@xrea.com,Male,236.105.217.18
202,Fedora,Henriques,fhenriques5l@oaic.gov.au,Female,169.93.121.237
203,Jermaine,Gherardini,jgherardini5m@washington.edu,Male,131.51.112.246
204,Gawen,Mordin,gmordin5n@va.gov,Male,233.149.217.127
205,Pamelina,Stocking,pstocking5o@1und1.de,Female,126.201.226.202
206,Torin,Gillingham,tgillingham5p@whitehouse.gov,Male,86.76.153.94
207,Marleen,Cadge,mcadge5q@utexas.edu,Female,112.233.138.10
208,Gill,Tutchener,gtutchener5r@apache.org,Male,118.127.43.21
209,Mart,Windress,mwindress5s@xrea.com,Male,175.156.180.11
210,Lion,McKerton,lmckerton5t@google.com.br,Genderqueer,174.247.136.167
211,Dyanne,Garnsworthy,dgarnsworthy5u@msn.com,Female,90.155.32.57
212,Myrah,Revey,mrevey5v@bloomberg.com,Female,8.59.49.138
213,Gothart,Sprade,gsprade5w@epa.gov,Male,179.220.98.170
214,Josee,Sutch,jsutch5x@wordpress.com,Female,187.86.101.188
215,Petey,Fergie,pfergie5y@arizona.edu,Male,230.14.106.117
216,Felice,Frunks,ffrunks5z@hud.gov,Male,18.155.155.38
217,Connor,Nutley,cnutley60@google.es,Bigender,53.153.20.108
218,Ginger,Bushill,gbushill61@cargocollective.com,Female,50.109.228.79
219,Yolane,Martini,ymartini62@elegantthemes.com,Female,129.50.97.8
220,Kaine,Wight,kwight63@wired.com,Male,123.214.98.153
221,Mariann,Joul,mjoul64@nih.gov,Female,131.196.105.41
222,Forrester,Gersam,fgersam65@businessinsider.com,Male,219.102.187.130
223,Vinita,Leedal,vleedal66@trellian.com,Female,49.236.134.137
224,Berny,Comben,bcomben67@tiny.cc,Male,112.220.220.152
225,Kylen,Chessor,kchessor68@japanpost.jp,Female,251.152.104.111
226,Del,Steers,dsteers69@so-net.ne.jp,Female,176.113.71.197
227,Codie,Ioselev,cioselev6a@cnn.com,Male,199.189.135.2
228,Darb,Baldock,dbaldock6b@odnoklassniki.ru,Female,220.78.248.13
229,Adolf,Baldcock,abaldcock6c@bloomberg.com,Male,208.157.32.95
230,Daphene,Harrowell,dharrowell6d@barnesandnoble.com,Female,22.216.185.114
231,Mohandis,Andreaccio,mandreaccio6e@nsw.gov.au,Male,14.125.152.126
232,Jolyn,Mangon,jmangon6f@netvibes.com,Female,237.151.198.90
233,Price,Martinet,pmartinet6g@meetup.com,Male,235.237.225.153
234,Gideon,Glasspool,gglasspool6h@joomla.org,Male,73.47.113.74
235,Jamey,Fesby,jfesby6i@histats.com,Agender,93.131.69.46
236,Ruttger,Parcells,rparcells6j@kickstarter.com,Male,149.152.12.106
237,Isidore,Byard,ibyard6k@xinhuanet.com,Male,234.176.16.51
238,Alessandra,Rothermel,arothermel6l@nymag.com,Female,183.129.102.140
239,Oberon,Petriello,opetriello6m@cdbaby.com,Male,44.5.90.21
240,Fran,Flaune,fflaune6n@over-blog.com,Male,86.129.45.154
241,Morgen,Crier,mcrier6o@t-online.de,Male,190.31.199.13
242,Sven,Ions,sions6p@canalblog.com,Male,140.225.16.40
243,Fidole,Petters,fpetters6q@w3.org,Male,239.125.112.197
244,Phedra,Cordobes,pcordobes6r@squidoo.com,Female,76.215.45.216
245,Noella,Lynthal,nlynthal6s@google.fr,Female,186.77.120.176
246,Coriss,Sentance,csentance6t@chronoengine.com,Female,8.147.241.157
247,Jamie,Gartrell,jgartrell6u@mlb.com,Female,253.105.94.164
248,Goldy,Rochford,grochford6v@virginia.edu,Female,31.209.197.181
249,Quintin,Thorrington,qthorrington6w@springer.com,Male,222.192.195.73
250,Hyatt,Flinders,hflinders6x@g.co,Male,14.152.33.230
251,Reynolds,Moran,rmoran6y@dell.com,Male,185.207.62.134
252,Howard,Barkshire,hbarkshire6z@blogspot.com,Male,138.13.22.95
253,Bea,Redgrove,bredgrove70@mozilla.com,Female,112.71.82.73
254,Shaine,Spinnace,sspinnace71@huffingtonpost.com,Female,242.228.207.19
255,Therese,Kalb,tkalb72@gizmodo.com,Female,156.185.2.226
256,Ev,Corn,ecorn73@exblog.jp,Male,84.50.242.254
257,Iggie,Hardes,ihardes74@bloglovin.com,Male,146.242.165.73
258,Hyman,Strowthers,hstrowthers75@independent.co.uk,Male,48.171.81.222
259,Krispin,Hedney,khedney76@comcast.net,Male,206.50.248.126
260,Brandy,Doughty,bdoughty77@mapy.cz,Female,242.71.42.78
261,Lorene,Aylesbury,laylesbury78@bbc.co.uk,Female,249.109.217.178
262,Jennifer,Deveril,jdeveril79@amazon.co.uk,Female,146.81.218.154
263,Bancroft,Reah,breah7a@xinhuanet.com,Male,159.135.117.208
264,Auroora,Dagworthy,adagworthy7b@free.fr,Female,243.66.203.149
265,Natalina,Guilloneau,nguilloneau7c@sbwire.com,Female,91.17.239.219
266,Saunders,Moir,smoir7d@cpanel.net,Male,79.183.33.70
267,Daria,Twiddell,dtwiddell7e@e-recht24.de,Female,230.239.154.104
268,Baillie,Stollhofer,bstollhofer7f@java.com,Male,135.14.185.144
269,Aldridge,Nissle,anissle7g@photobucket.com,Male,24.174.209.255
270,Angel,Harrower,aharrower7h@mashable.com,Male,207.48.5.169
271,Angelia,Bamlett,abamlett7i@shop-pro.jp,Female,34.195.123.191
272,Othelia,Biddlecombe,obiddlecombe7j@squidoo.com,Female,240.38.22.254
273,Travis,Halleybone,thalleybone7k@washingtonpost.com,Male,217.232.36.90
274,Ilyssa,Hawkings,ihawkings7l@shinystat.com,Female,159.135.221.127
275,Hannie,Woolfitt,hwoolfitt7m@google.com.hk,Female,104.63.167.16
276,Helena,Haynesford,hhaynesford7n@stanford.edu,Female,71.10.98.66
277,Janek,Wevell,jwevell7o@telegraph.co.uk,Male,13.230.131.114
278,Cristie,Kydd,ckydd7p@cpanel.net,Female,59.249.15.180
279,Ulrich,Andryushin,uandryushin7q@ning.com,Male,117.192.143.198
280,Mozes,Collop,mcollop7r@networkadvertising.org,Male,183.165.187.126
281,Giffard,Grey,ggrey7s@addtoany.com,Male,137.58.121.186
282,Lenore,Taree,ltaree7t@nih.gov,Female,71.238.245.190
283,Libbi,Gommowe,lgommowe7u@e-recht24.de,Female,97.129.205.212
284,Kariotta,Stagg,kstagg7v@nbcnews.com,Female,185.11.23.177
285,Abey,Barnshaw,abarnshaw7w@bluehost.com,Male,140.44.17.177
286,Yard,Lewton,ylewton7x@ihg.com,Male,134.226.134.73
287,Julian,Aymerich,jaymerich7y@flickr.com,Male,70.226.64.169
288,Griffin,Handke,ghandke7z@lulu.com,Genderqueer,27.82.77.250
289,Vinny,Haugh,vhaugh80@webs.com,Male,105.239.38.110
290,Joane,Myatt,jmyatt81@issuu.com,Female,47.68.241.41
291,Tomi,Whates,twhates82@usda.gov,Female,88.148.68.225
292,Leonard,Wase,lwase83@wunderground.com,Male,126.130.231.173
293,Reeba,Duval,rduval84@cbslocal.com,Female,176.197.74.62
294,Westley,Fesby,wfesby85@mit.edu,Male,87.198.2.212
295,Sandi,Sotham,ssotham86@amazon.co.jp,Genderqueer,94.24.207.23
296,Buddy,Fowkes,bfowkes87@posterous.com,Male,34.81.56.105
297,Kendrick,Bolduc,kbolduc88@shutterfly.com,Male,187.71.191.154
298,Laina,Rentelll,lrentelll89@4shared.com,Female,61.154.223.57
299,Pegeen,Bartoleyn,pbartoleyn8a@slate.com,Female,142.125.236.252
300,Cam,Rupp,crupp8b@ed.gov,Male,146.211.80.43
301,Sonni,Rivelin,srivelin8c@slideshare.net,Female,197.213.228.204
302,Janis,Lavelle,jlavelle8d@tamu.edu,Female,175.59.203.210
303,Leonardo,Alvarez,lalvarez8e@sciencedirect.com,Male,38.68.7.74
304,Steffen,Jacob,sjacob8f@virginia.edu,Male,72.194.236.52
305,Jermayne,Ioselevich,jioselevich8g@yandex.ru,Male,8.213.41.95
306,Larissa,Durrance,ldurrance8h@technorati.com,Female,241.239.209.171
307,Estelle,Greenley,egreenley8i@army.mil,Female,230.232.154.75
308,Margi,Bulluck,mbulluck8j@oaic.gov.au,Female,97.228.71.88
309,Hamlin,Coite,hcoite8k@comcast.net,Male,73.134.69.134
310,Amandie,Baff,abaff8l@bbb.org,Female,85.102.105.42
311,Shanie,Haster,shaster8m@independent.co.uk,Female,196.77.239.220
312,Ferdinand,Gearing,fgearing8n@boston.com,Male,101.142.199.68
313,Erv,Rentalll,erentalll8o@sakura.ne.jp,Male,205.72.253.96
314,Brannon,Heyfield,bheyfield8p@examiner.com,Male,223.100.209.138
315,Monro,McPake,mmcpake8q@usatoday.com,Male,143.226.49.193
316,Pepita,Slainey,pslainey8r@symantec.com,Female,246.230.58.252
317,Tedra,Palek,tpalek8s@adobe.com,Female,249.203.255.138
318,Vito,Stanlack,vstanlack8t@studiopress.com,Male,208.212.90.83
319,Manny,Wanderschek,mwanderschek8u@icq.com,Polygender,144.200.19.27
320,Rebecka,Spain-Gower,rspaingower8v@ezinearticles.com,Female,162.156.243.172
321,Brocky,Dinnage,bdinnage8w@fc2.com,Male,202.147.91.179
322,Richardo,Corrin,rcorrin8x@artisteer.com,Male,248.50.99.206
323,Royce,Klimochkin,rklimochkin8y@nbcnews.com,Non-binary,48.82.140.221
324,Emlynn,Doud,edoud8z@moonfruit.com,Female,114.241.114.67
325,Sileas,Risborough,srisborough90@nba.com,Female,28.184.248.94
326,Melesa,Puttick,mputtick91@friendfeed.com,Female,96.114.12.90
327,Donavon,Silverston,dsilverston92@a8.net,Male,136.79.92.134
328,Selie,Wisbey,swisbey93@is.gd,Female,93.248.170.80
329,Maynard,McTear,mmctear94@about.com,Male,43.202.28.125
330,Dom,Garvin,dgarvin95@bloglovin.com,Male,65.174.188.50
331,Isabeau,Laughren,ilaughren96@opensource.org,Polygender,121.43.243.56
332,Blaire,Rogger,brogger97@blogtalkradio.com,Female,158.38.66.9
333,Eberhard,Pinnijar,epinnijar98@elegantthemes.com,Male,69.39.214.48
334,Marshall,Smoth,msmoth99@over-blog.com,Male,92.40.145.237
335,Vinny,Puckham,vpuckham9a@shop-pro.jp,Male,251.172.193.150
336,Collette,Pennock,cpennock9b@independent.co.uk,Female,161.56.254.90
337,Axe,Yakob,ayakob9c@sina.com.cn,Male,164.25.142.206
338,Maria,Streatfeild,mstreatfeild9d@omniture.com,Female,54.235.141.231
339,Deeanne,Folds,dfolds9e@weibo.com,Female,186.121.22.20
340,Garrard,Doak,gdoak9f@time.com,Male,174.173.73.125
341,Aubert,Hampshaw,ahampshaw9g@sciencedaily.com,Male,188.84.211.48
342,Leontine,Beurich,lbeurich9h@storify.com,Bigender,109.234.196.198
343,Packston,Pietranek,ppietranek9i@freewebs.com,Male,7.33.93.129
344,Myrilla,Grinikhin,mgrinikhin9j@uol.com.br,Female,5.144.184.219
345,Rosaleen,Colbourne,rcolbourne9k@domainmarket.com,Female,0.81.16.118
346,Gisela,Sides,gsides9l@cafepress.com,Female,210.222.197.170
347,Mattias,Antonignetti,mantonignetti9m@paginegialle.it,Male,247.115.249.236
348,Augustine,Huge,ahuge9n@blogtalkradio.com,Female,35.155.152.119
349,Prudi,Marney,pmarney9o@indiegogo.com,Female,29.15.179.108
350,Emilee,Elderton,eelderton9p@sphinn.com,Female,150.65.247.14
351,Merrick,Surgeoner,msurgeoner9q@patch.com,Male,2.119.65.230
352,Julienne,Cullivan,jcullivan9r@usa.gov,Female,151.92.166.17
353,Leroi,Satyford,lsatyford9s@icio.us,Genderqueer,218.243.138.20
354,Averill,Avann,aavann9t@omniture.com,Polygender,200.1.225.212
355,Deeanne,Axtonne,daxtonne9u@webs.com,Female,106.175.242.233
356,Gene,Bossons,gbossons9v@w3.org,Male,53.78.204.124
357,Ragnar,Stickins,rstickins9w@so-net.ne.jp,Male,218.120.172.152
358,Anthe,Moggle,amoggle9x@examiner.com,Female,174.0.60.203
359,Jethro,Perrins,jperrins9y@google.es,Male,16.1.117.35
360,Merell,Longo,mlongo9z@canalblog.com,Male,41.215.105.184
361,Blake,Trenchard,btrencharda0@dropbox.com,Male,204.162.165.126
362,Gilberta,Bland,gblanda1@abc.net.au,Genderfluid,4.251.129.33
363,Bertie,Prandini,bprandinia2@sbwire.com,Male,115.167.96.146
364,Shayla,Spawell,sspawella3@wired.com,Female,201.88.232.251
365,Mick,Valenta,mvalentaa4@boston.com,Male,85.37.161.123
366,Melina,Sheaber,msheabera5@tumblr.com,Female,48.171.176.173
367,Kurt,Rieme,kriemea6@netscape.com,Bigender,56.212.238.91
368,Joey,Brister,jbristera7@people.com.cn,Female,2.48.28.129
369,Urbano,Villiers,uvilliersa8@microsoft.com,Agender,132.90.246.66
370,Fanchon,Jouannot,fjouannota9@samsung.com,Female,44.18.78.163
371,Oneida,Lum,olumaa@canalblog.com,Female,152.64.67.97
372,Anna-diane,Puxley,apuxleyab@ox.ac.uk,Female,215.78.52.166
373,Mikel,Arnaudin,marnaudinac@miibeian.gov.cn,Male,159.84.58.213
374,Sergio,Astle,sastlead@aboutads.info,Male,20.189.167.242
375,Tyrone,Gherardi,tgherardiae@skype.com,Male,246.193.21.153
376,Mozes,Geary,mgearyaf@miitbeian.gov.cn,Genderqueer,70.171.92.240
377,Roseanne,Trew,rtrewag@bing.com,Female,206.167.157.188
378,Ninette,Hickford,nhickfordah@admin.ch,Female,219.255.169.128
379,Daffie,Gheraldi,dgheraldiai@twitter.com,Female,161.100.53.133
380,Jeremias,Berget,jbergetaj@dyndns.org,Male,119.76.241.156
381,Sherline,Venturoli,sventuroliak@mac.com,Female,13.29.124.135
382,D'arcy,Kimberley,dkimberleyal@privacy.gov.au,Non-binary,101.203.144.145
383,Randell,Hagan,rhaganam@ibm.com,Male,2.8.171.64
384,Tuck,Raymont,traymontan@sphinn.com,Male,252.63.128.160
385,Curry,Bolton,cboltonao@amazon.de,Male,107.57.136.67
386,Kellen,Phethean,kphetheanap@topsy.com,Female,244.63.18.23
387,Terra,Wabey,twabeyaq@tamu.edu,Female,157.115.161.229
388,Ave,Ream,areamar@soup.io,Male,43.247.94.18
389,Cinderella,Emblem,cemblemas@blogspot.com,Female,6.179.76.199
390,Veronique,Tedstone,vtedstoneat@who.int,Female,118.144.128.2
391,Lamont,Ruoss,lruossau@sun.com,Male,188.125.178.104
392,Agustin,Ishchenko,aishchenkoav@umn.edu,Polygender,162.127.223.43
393,Armstrong,Swettenham,aswettenhamaw@dell.com,Male,9.47.212.83
394,Shell,Worsley,sworsleyax@ning.com,Female,109.119.65.238
395,Elianora,Connichie,econnichieay@imdb.com,Female,152.254.237.2
396,Sherwin,Martino,smartinoaz@constantcontact.com,Male,153.188.184.21
397,Josephine,Snalham,jsnalhamb0@t.co,Female,200.13.227.175
398,Kaleb,Cartmel,kcartmelb1@jugem.jp,Male,82.196.149.246
399,Gerri,Conen,gconenb2@house.gov,Male,80.20.188.191
400,Vinnie,Pullin,vpullinb3@altervista.org,Male,0.136.188.176
401,Hank,Isenor,hisenorb4@ning.com,Agender,97.20.72.73
402,Celinda,Orto,cortob5@slate.com,Female,131.130.151.107
403,Abe,De Miranda,ademirandab6@bbc.co.uk,Male,8.113.188.192
404,Harv,Bowman,hbowmanb7@shop-pro.jp,Polygender,103.80.26.177
405,Cassie,Maffini,cmaffinib8@tinyurl.com,Male,21.208.204.38
406,Orran,Bolf,obolfb9@google.pl,Male,59.115.52.216
407,Lilyan,Welsby,lwelsbyba@utexas.edu,Female,111.217.186.187
408,Klement,Elman,kelmanbb@tiny.cc,Non-binary,158.43.114.203
409,Hallie,Belchamber,hbelchamberbc@photobucket.com,Female,34.17.39.121
410,Briny,Antonsson,bantonssonbd@cisco.com,Female,158.136.3.20
411,Nelly,Windross,nwindrossbe@cornell.edu,Female,232.21.99.101
412,Vivie,Pohl,vpohlbf@reference.com,Genderfluid,88.76.42.207
413,Rey,Gallahar,rgallaharbg@fema.gov,Male,29.44.56.170
414,Mata,Alvarez,malvarezbh@xing.com,Male,28.12.70.41
415,Lindsy,Longland,llonglandbi@nbcnews.com,Female,143.145.251.220
416,Lyn,Pyott,lpyottbj@jimdo.com,Male,182.219.34.71
417,Kirby,Gorsse,kgorssebk@paypal.com,Male,34.161.197.156
418,Rob,Skelly,rskellybl@vimeo.com,Male,175.139.33.114
419,Lorry,Cornbill,lcornbillbm@usda.gov,Male,143.160.5.74
420,Brigitte,Bukowski,bbukowskibn@spiegel.de,Female,158.255.43.142
421,Conni,Lishman,clishmanbo@nymag.com,Female,133.82.168.1
422,Saundra,Pannett,spannettbp@nytimes.com,Male,254.209.40.215
423,Stella,Gray,sgraybq@google.com,Female,204.26.159.123
424,Chrissy,Zamora,czamorabr@oaic.gov.au,Male,62.53.80.80
425,Willamina,Markham,wmarkhambs@toplist.cz,Female,121.96.96.31
426,Pepita,Ropking,propkingbt@hhs.gov,Female,172.253.140.116
427,Britni,Narraway,bnarrawaybu@diigo.com,Female,162.116.48.111
428,Hartley,Cracknell,hcracknellbv@newsvine.com,Male,231.172.176.213
429,Rubi,Bernath,rbernathbw@amazon.co.jp,Female,223.173.69.104
430,Rudd,Holtaway,rholtawaybx@bloglines.com,Male,56.135.10.225
431,Sallyanne,Fane,sfaneby@samsung.com,Female,39.147.146.177
432,Dania,Boothroyd,dboothroydbz@w3.org,Female,66.141.94.9
433,Elton,Dungate,edungatec0@clickbank.net,Bigender,180.188.34.66
434,Mohammed,Jellicorse,mjellicorsec1@gnu.org,Male,46.154.113.147
435,Matilda,Caselick,mcaselickc2@google.pl,Agender,21.181.89.164
436,Marice,de Marco,mdemarcoc3@yolasite.com,Female,226.123.28.153
437,Cele,Goodday,cgooddayc4@naver.com,Genderfluid,70.39.120.100
438,Bliss,Mandal,bmandalc5@google.com,Female,191.61.114.108
439,Shane,Yurygyn,syurygync6@addtoany.com,Male,50.203.11.179
440,Bernete,Whenman,bwhenmanc7@list-manage.com,Genderfluid,25.80.116.59
441,Bettine,Summerskill,bsummerskillc8@geocities.jp,Female,190.14.168.80
442,Tandy,McGunley,tmcgunleyc9@123-reg.co.uk,Female,218.75.151.135
443,Vikky,Haskew,vhaskewca@sogou.com,Female,72.183.255.56
444,Poppy,Clow,pclowcb@usda.gov,Female,254.46.50.228
445,Bev,Clingoe,bclingoecc@naver.com,Female,136.43.46.109
446,Rudd,Fliege,rfliegecd@army.mil,Male,190.147.62.140
447,Somerset,Briar,sbriarce@redcross.org,Male,16.161.198.20
448,Nertie,Ghelarducci,nghelarduccicf@dropbox.com,Female,205.66.41.41
449,Jennica,Ponten,jpontencg@arstechnica.com,Female,180.237.193.182
450,Werner,Hellewell,whellewellch@quantcast.com,Male,27.25.88.49
451,Carmen,Martschik,cmartschikci@163.com,Female,115.201.3.79
452,Birgitta,Hunnicot,bhunnicotcj@netscape.com,Female,55.169.136.83
453,Kennan,Lambertson,klambertsonck@1und1.de,Male,115.49.136.143
454,Demetria,Harris,dharriscl@blog.com,Female,146.17.53.161
455,Lacy,Gricks,lgrickscm@umich.edu,Female,244.101.54.51
456,Reider,Harries,rharriescn@tmall.com,Male,134.194.152.78
457,Brion,Varns,bvarnsco@ft.com,Genderfluid,164.199.16.193
458,Aubry,Caird,acairdcp@deviantart.com,Female,222.90.205.100
459,Blithe,Povey,bpoveycq@slate.com,Female,244.238.240.124
460,Orson,Gunthorp,ogunthorpcr@cisco.com,Polygender,18.60.145.38
461,Drew,Wein,dweincs@dyndns.org,Male,241.193.230.106
462,Wilfrid,Jaquet,wjaquetct@sourceforge.net,Male,215.43.76.178
463,Andrew,Duckerin,aduckerincu@bandcamp.com,Male,53.75.168.117
464,Marylinda,Lambert,mlambertcv@1688.com,Female,92.254.232.40
465,Mary,Moreman,mmoremancw@delicious.com,Female,105.58.71.196
466,Page,Lampke,plampkecx@fc2.com,Male,214.107.231.104
467,Sherline,Balsellie,sbalselliecy@cornell.edu,Female,100.68.224.176
468,Bessie,Bertolin,bbertolincz@elpais.com,Female,24.208.209.137
469,Tommy,Lidgerton,tlidgertond0@ucoz.ru,Female,232.161.212.74
470,Shawna,Pendered,spenderedd1@google.co.jp,Female,67.114.87.113
471,Murdoch,Brice,mbriced2@live.com,Male,139.249.117.49
472,Wilmar,Butterick,wbutterickd3@usda.gov,Male,163.18.72.104
473,Fidela,Dobell,fdobelld4@goo.ne.jp,Female,217.74.171.126
474,Dagmar,Bahike,dbahiked5@weebly.com,Female,222.193.133.154
475,Malia,Bristow,mbristowd6@ask.com,Female,136.168.123.65
476,Guilbert,Wildber,gwildberd7@mozilla.com,Male,135.110.100.105
477,Asa,Keyzman,akeyzmand8@mysql.com,Male,197.222.117.247
478,Cal,L'Amie,clamied9@chronoengine.com,Female,111.115.187.83
479,Bernardine,Lomath,blomathda@feedburner.com,Polygender,17.9.192.33
480,Persis,Straffon,pstraffondb@sphinn.com,Female,204.221.230.28
481,Codie,Fine,cfinedc@latimes.com,Male,79.97.129.161
482,Jena,Dyball,jdyballdd@oakley.com,Female,174.218.40.38
483,Robby,Napoleon,rnapoleonde@t.co,Male,169.148.68.69
484,Leonore,Scola,lscoladf@huffingtonpost.com,Female,45.87.41.10
485,Joleen,Postlethwaite,jpostlethwaitedg@hugedomains.com,Agender,220.17.157.185
486,Wayne,Jeaycock,wjeaycockdh@vinaora.com,Male,215.181.70.198
487,Helene,Bushel,hbusheldi@columbia.edu,Female,163.104.158.23
488,Parsifal,Quesne,pquesnedj@skype.com,Male,83.167.62.139
489,Marc,Drain,mdraindk@irs.gov,Male,114.253.183.224
490,Marylou,Gaitley,mgaitleydl@fema.gov,Female,5.236.241.5
491,Annetta,Whitton,awhittondm@ucsd.edu,Female,244.30.96.121
492,Honoria,VanBrugh,hvanbrughdn@dedecms.com,Female,11.175.62.158
493,Jamison,Darwood,jdarwooddo@google.pl,Male,110.161.135.18
494,Hewett,Jovey,hjoveydp@mail.ru,Male,48.163.204.248
495,Essy,Senchenko,esenchenkodq@nps.gov,Female,23.175.181.208
496,Cristian,Bristo,cbristodr@sohu.com,Genderqueer,71.229.61.44
497,Reinhard,Starten,rstartends@shop-pro.jp,Male,90.80.65.150
498,Filippa,Geerdts,fgeerdtsdt@cbsnews.com,Female,160.95.2.1
499,Deina,O'Hara,doharadu@wordpress.org,Female,229.27.248.18
500,Kirsti,Stovine,kstovinedv@yellowbook.com,Female,47.39.220.113
501,Nessie,Fludgate,nfludgatedw@psu.edu,Female,85.69.87.80
502,Noam,Lacey,nlaceydx@cam.ac.uk,Male,116.222.75.142
503,Augy,Giovanardi,agiovanardidy@bing.com,Genderqueer,152.203.178.98
504,Oren,Peyntue,opeyntuedz@ebay.co.uk,Bigender,253.9.234.230
505,Carver,Fairholme,cfairholmee0@foxnews.com,Male,127.72.128.123
506,Pascale,Menpes,pmenpese1@cnn.com,Male,50.61.96.218
507,Alasteir,Mallya,amallyae2@sfgate.com,Male,13.237.203.116
508,Alec,Liddall,aliddalle3@fda.gov,Male,151.212.20.48
509,Ron,Bowfin,rbowfine4@home.pl,Male,247.109.192.4
510,Janis,Caldecutt,jcaldecutte5@comsenz.com,Female,63.159.140.224
511,Barbee,Langthorne,blangthornee6@pbs.org,Female,19.116.125.163
512,Moreen,Chazerand,mchazerande7@hud.gov,Female,194.68.133.2
513,Devondra,Garfield,dgarfielde8@trellian.com,Female,159.69.26.117
514,Willow,Tembridge,wtembridgee9@cornell.edu,Female,181.117.209.159
515,Tanner,Penchen,tpenchenea@dailymotion.com,Male,92.65.73.125
516,Massimiliano,Fearne,mfearneeb@google.ru,Male,62.228.239.212
517,Aggie,Lewington,alewingtonec@friendfeed.com,Female,11.221.207.74
518,Kliment,Barajas,kbarajased@vimeo.com,Agender,39.34.113.75
519,Alla,Fretter,afretteree@plala.or.jp,Agender,47.160.88.5
520,Kellia,Tonry,ktonryef@infoseek.co.jp,Female,254.241.68.43
521,Vinson,Gartshore,vgartshoreeg@mashable.com,Male,51.97.239.131
522,Beckie,Karlowicz,bkarlowiczeh@wp.com,Female,3.236.52.53
523,Dayna,MacColl,dmaccollei@ameblo.jp,Female,254.170.193.6
524,Ursulina,Serck,userckej@t.co,Female,35.250.221.206
525,Orran,Rozier,orozierek@senate.gov,Non-binary,71.137.27.75
526,Dulcie,Whitsun,dwhitsunel@livejournal.com,Female,200.211.9.56
527,Karlen,Hunnaball,khunnaballem@washington.edu,Genderfluid,217.153.66.143
528,Noellyn,Lammas,nlammasen@plala.or.jp,Female,100.72.148.29
529,Malcolm,Bennellick,mbennellickeo@ehow.com,Male,205.232.116.185
530,Andonis,Michelotti,amichelottiep@fema.gov,Male,55.223.84.180
531,Haleigh,Gircke,hgirckeeq@prnewswire.com,Male,110.26.247.62
532,Charmane,Pepper,cpepperer@nifty.com,Female,134.224.62.77
533,Skye,Marcham,smarchames@guardian.co.uk,Male,224.162.200.232
534,Dallis,Iddon,diddonet@yahoo.com,Male,66.28.177.199
535,Lydia,Archell,larchelleu@nymag.com,Female,113.237.30.217
536,Sheri,Wragge,swraggeev@hubpages.com,Bigender,251.15.14.101
537,Ed,Tobias,etobiasew@utexas.edu,Male,147.175.181.44
538,Wiatt,Osboldstone,wosboldstoneex@ask.com,Male,127.252.112.153
539,Renata,Wantling,rwantlingey@dmoz.org,Female,68.187.201.225
540,Trent,Carbine,tcarbineez@hud.gov,Male,238.69.70.235
541,Morgan,Jakaway,mjakawayf0@mtv.com,Female,187.204.145.35
542,Randell,Paradine,rparadinef1@goo.ne.jp,Male,97.201.196.54
543,Eduino,Sygroves,esygrovesf2@cbc.ca,Male,159.7.213.213
544,Adora,Aaronson,aaaronsonf3@godaddy.com,Genderfluid,26.187.109.116
545,Petronia,Shorten,pshortenf4@icio.us,Female,126.15.197.201
546,Natty,Otto,nottof5@issuu.com,Female,52.177.17.77
547,Mike,Wehnerr,mwehnerrf6@deviantart.com,Male,198.13.86.49
548,Eachelle,Adlard,eadlardf7@xing.com,Female,91.208.23.204
549,Ami,Simic,asimicf8@weibo.com,Agender,201.34.126.215
550,Ragnar,Sandbrook,rsandbrookf9@reverbnation.com,Male,236.6.75.178
551,Artemus,Tack,atackfa@chicagotribune.com,Male,169.55.223.96
552,Nanci,Corish,ncorishfb@people.com.cn,Agender,65.77.14.111
553,Gabi,Hadley,ghadleyfc@craigslist.org,Female,149.254.221.168
554,Brandea,Morby,bmorbyfd@unesco.org,Female,137.201.1.222
555,Cam,McLenaghan,cmclenaghanfe@mozilla.org,Male,9.188.36.112
556,Jaquith,Aylmore,jaylmoreff@nationalgeographic.com,Female,193.169.182.166
557,Elyse,Adhams,eadhamsfg@telegraph.co.uk,Female,174.157.40.39
558,Anita,Guyet,aguyetfh@phoca.cz,Female,152.61.109.190
559,Dareen,Willbourne,dwillbournefi@unblog.fr,Bigender,42.166.245.237
560,Niki,Schollar,nschollarfj@nydailynews.com,Female,47.24.81.188
561,Anastasia,Darbishire,adarbishirefk@linkedin.com,Female,243.190.221.62
562,Aleece,Di Roberto,adirobertofl@yahoo.co.jp,Female,58.164.76.228
563,Adamo,Sturmey,asturmeyfm@accuweather.com,Male,77.1.245.167
564,Paquito,Wressell,pwressellfn@un.org,Male,117.139.164.83
565,Toddy,Gilmartin,tgilmartinfo@cdc.gov,Male,67.86.33.62
566,Tarra,Ganiford,tganifordfp@uol.com.br,Female,68.37.54.92
567,Curr,Hinzer,chinzerfq@jiathis.com,Male,213.165.74.231
568,Edy,Tappor,etapporfr@yelp.com,Female,238.211.44.195
569,Alvis,Droogan,adrooganfs@ibm.com,Male,167.103.181.243
570,Gusty,Seeler,gseelerft@dailymail.co.uk,Female,103.139.107.237
571,Mozes,Pankettman,mpankettmanfu@berkeley.edu,Male,231.49.189.219
572,Michaeline,Bridie,mbridiefv@typepad.com,Female,234.50.97.67
573,Rancell,Guillou,rguilloufw@jalbum.net,Male,129.171.223.7
574,Cointon,Dupoy,cdupoyfx@sourceforge.net,Male,45.11.131.163
575,Mattias,Roo,mroofy@over-blog.com,Non-binary,239.175.204.219
576,Marylynne,Linklater,mlinklaterfz@technorati.com,Female,232.94.181.19
577,Tyrone,Okey,tokeyg0@squidoo.com,Male,121.35.158.204
578,Chandler,Belhome,cbelhomeg1@over-blog.com,Male,132.100.162.60
579,Hendrik,Mingardo,hmingardog2@economist.com,Male,159.15.225.175
580,Iorgo,Stitson,istitsong3@fastcompany.com,Male,44.186.76.172
581,Anabal,Donavan,adonavang4@techcrunch.com,Female,243.131.146.14
582,Mireielle,Caley,mcaleyg5@cdbaby.com,Female,24.219.153.120
583,Francine,Daftor,fdaftorg6@squidoo.com,Agender,78.184.160.40
584,Karry,Warton,kwartong7@google.co.jp,Female,134.97.22.95
585,Prudi,Moules,pmoulesg8@tuttocitta.it,Female,87.111.16.130
586,Mike,Ivery,miveryg9@unblog.fr,Male,231.12.255.26
587,Celestine,Robelin,crobelinga@biblegateway.com,Polygender,253.244.162.3
588,Vinita,Bovis,vbovisgb@amazon.de,Female,183.62.215.223
589,West,Clewarth,wclewarthgc@barnesandnoble.com,Male,145.152.176.106
590,Shandee,Haney`,shaneygd@globo.com,Female,223.161.192.170
591,Glendon,Gibbin,ggibbinge@state.gov,Male,170.36.69.12
592,Rona,Marke,rmarkegf@eventbrite.com,Female,112.197.45.90
593,Kliment,Dumbreck,kdumbreckgg@washington.edu,Male,73.85.30.37
594,Derron,Cansdell,dcansdellgh@alexa.com,Male,186.150.204.82
595,Brynne,Malcolmson,bmalcolmsongi@nsw.gov.au,Female,45.185.44.43
596,Jemimah,Mingay,jmingaygj@independent.co.uk,Female,157.67.207.45
597,Tybalt,Dandie,tdandiegk@tripod.com,Genderfluid,238.111.120.103
598,Fleurette,Quipp,fquippgl@angelfire.com,Female,207.88.202.15
599,Cazzie,Cicutto,ccicuttogm@pinterest.com,Male,232.79.30.19
600,Shelbi,Brunroth,sbrunrothgn@weebly.com,Genderfluid,157.19.241.252
601,Cecilius,Sheriff,csheriffgo@typepad.com,Male,237.231.61.40
602,Georas,Jenson,gjensongp@istockphoto.com,Male,85.96.47.45
603,Corilla,Messiter,cmessitergq@berkeley.edu,Non-binary,54.39.241.4
604,Cesya,Budgett,cbudgettgr@altervista.org,Female,5.251.176.171
605,Shayna,McCartan,smccartangs@wikimedia.org,Female,200.46.40.151
606,Shirl,Briat,sbriatgt@angelfire.com,Female,80.52.222.37
607,Katy,Toovey,ktooveygu@purevolume.com,Bigender,159.195.216.159
608,Gunilla,Grim,ggrimgv@prweb.com,Female,212.214.15.109
609,Wildon,Wylder,wwyldergw@buzzfeed.com,Male,41.250.79.71
610,Puff,Wealthall,pwealthallgx@pagesperso-orange.fr,Male,247.92.167.121
611,Lawry,Monshall,lmonshallgy@time.com,Male,44.137.203.39
612,Michaeline,Gatheral,mgatheralgz@upenn.edu,Female,43.106.130.136
613,Bendicty,Croux,bcrouxh0@state.gov,Male,28.123.35.111
614,Abdel,Vales,avalesh1@npr.org,Male,21.213.238.192
615,Con,Canas,ccanash2@hibu.com,Female,55.188.165.12
616,Sherlock,Ollander,sollanderh3@businessinsider.com,Male,131.132.221.221
617,Alys,Ryle,aryleh4@msu.edu,Female,96.16.233.180
618,Carleton,Somner,csomnerh5@google.cn,Male,156.180.120.118
619,Ambrosio,Redferne,aredferneh6@statcounter.com,Male,31.49.93.155
620,Annabella,Lghan,alghanh7@ucoz.com,Female,10.146.61.70
621,Juli,Meak,jmeakh8@washington.edu,Female,151.127.197.29
622,Eva,Smedley,esmedleyh9@merriam-webster.com,Female,184.24.68.97
623,Andreana,Bruckmann,abruckmannha@photobucket.com,Female,168.247.254.202
624,Annie,Rickesies,arickesieshb@facebook.com,Female,215.117.90.53
625,Vern,Martt,vmartthc@dot.gov,Male,101.23.178.156
626,Saunderson,De Clairmont,sdeclairmonthd@t-online.de,Male,14.248.212.148
627,Verine,Arnall,varnallhe@jugem.jp,Female,40.233.210.118
628,Modestia,Parlour,mparlourhf@blog.com,Female,166.157.62.16
629,Ian,Bentote,ibentotehg@ca.gov,Non-binary,246.98.183.21
630,Filip,Yter,fyterhh@prlog.org,Male,37.8.195.67
631,Garrik,Leipelt,gleipelthi@aboutads.info,Male,38.65.113.224
632,Cheryl,Kelcey,ckelceyhj@instagram.com,Female,34.102.252.5
633,Stormie,Tremblet,stremblethk@jiathis.com,Female,124.82.13.71
634,Gaylene,Halle,ghallehl@geocities.jp,Female,208.123.129.14
635,Milli,Dwerryhouse,mdwerryhousehm@craigslist.org,Polygender,210.67.194.182
636,Giuseppe,Burthom,gburthomhn@privacy.gov.au,Male,173.60.123.191
637,Helaina,Oldaker,holdakerho@wordpress.com,Female,124.31.155.245
638,Lila,Sibthorpe,lsibthorpehp@virginia.edu,Female,141.19.111.137
639,Bettina,Brunel,bbrunelhq@virginia.edu,Female,209.13.70.193
640,Chris,Petrulis,cpetrulishr@de.vu,Female,254.45.139.216
641,Sonja,Edens,sedenshs@wikispaces.com,Female,120.129.42.127
642,Philippa,Galsworthy,pgalsworthyht@hatena.ne.jp,Polygender,132.144.13.12
643,Sarajane,Peregrine,speregrinehu@wunderground.com,Female,197.178.205.199
644,Sioux,MacDirmid,smacdirmidhv@cargocollective.com,Female,187.183.134.212
645,Robin,Wellbelove,rwellbelovehw@bloglovin.com,Male,30.91.4.132
646,Rhys,Seggie,rseggiehx@w3.org,Male,30.15.145.38
647,Shelley,Fowkes,sfowkeshy@artisteer.com,Male,66.190.125.147
648,Erroll,Spurrett,espurretthz@about.com,Polygender,181.79.151.246
649,Dale,Garry,dgarryi0@webnode.com,Female,58.155.108.119
650,Rorie,Kroch,rkrochi1@ted.com,Female,207.24.11.51
651,Laurena,Indgs,lindgsi2@deviantart.com,Female,245.10.49.3
652,Clementius,Mattussevich,cmattussevichi3@globo.com,Male,176.80.182.117
653,Nanny,Adamec,nadameci4@buzzfeed.com,Female,4.93.13.176
654,Rasia,Gonoude,rgonoudei5@scribd.com,Female,90.231.185.197
655,Carree,Paulillo,cpaulilloi6@earthlink.net,Female,196.125.173.211
656,Winifred,Otterwell,wotterwelli7@fotki.com,Female,35.153.135.6
657,Jackson,Hakonsson,jhakonssoni8@about.me,Genderfluid,155.26.243.228
658,Cris,Willetts,cwillettsi9@sakura.ne.jp,Male,46.29.206.116
659,Cristine,Nobbs,cnobbsia@furl.net,Polygender,53.149.109.96
660,Daryl,Finkle,dfinkleib@theguardian.com,Genderfluid,184.106.44.81
661,Andi,Blackster,ablacksteric@creativecommons.org,Female,24.142.107.162
662,Ahmad,Lochran,alochranid@china.com.cn,Male,148.27.158.129
663,Clevie,Jessup,cjessupie@va.gov,Male,146.146.137.52
664,Gilbert,Barabich,gbarabichif@sphinn.com,Male,87.29.242.184
665,Jard,Gowar,jgowarig@intel.com,Male,223.93.117.171
666,Rouvin,Dartnell,rdartnellih@msn.com,Male,111.88.61.238
667,Klarrisa,Waldram,kwaldramii@hibu.com,Female,81.253.54.58
668,Carena,Ebanks,cebanksij@who.int,Female,235.21.53.159
669,Margy,Ridgers,mridgersik@artisteer.com,Female,29.62.93.140
670,Lammond,Stayt,lstaytil@smugmug.com,Male,124.228.16.94
671,Flinn,Camier,fcamierim@sphinn.com,Genderfluid,216.113.185.26
672,Lee,McGiff,lmcgiffin@nationalgeographic.com,Female,157.55.103.113
673,Hunfredo,Billam,hbillamio@tripadvisor.com,Male,162.53.64.116
674,Anne-corinne,Ovid,aovidip@intel.com,Female,76.68.223.90
675,Moira,Roderick,mroderickiq@shareasale.com,Female,237.234.228.64
676,Cammy,Castanares,ccastanaresir@techcrunch.com,Male,125.214.162.231
677,Grayce,Unstead,gunsteadis@cnn.com,Female,99.217.127.17
678,Zsazsa,Nielson,znielsonit@blogger.com,Female,83.248.71.194
679,Gifford,Kiddell,gkiddelliu@unesco.org,Male,19.70.213.214
680,Lisa,Dowdle,ldowdleiv@arizona.edu,Non-binary,247.191.25.3
681,Kirk,Crippes,kcrippesiw@ox.ac.uk,Male,25.16.22.241
682,Nickolai,Ogborne,nogborneix@ibm.com,Male,189.165.195.158
683,Tymothy,Matteacci,tmatteacciiy@prlog.org,Male,242.36.57.139
684,Jemmie,Glaves,jglavesiz@chronoengine.com,Female,131.142.134.227
685,Jacky,Rillett,jrillettj0@webs.com,Genderfluid,58.116.52.250
686,Rik,Delhay,rdelhayj1@diigo.com,Male,225.93.230.197
687,Jarred,Wallsworth,jwallsworthj2@themeforest.net,Male,113.153.155.242
688,Meredith,Shortcliffe,mshortcliffej3@seattletimes.com,Male,59.48.230.246
689,Sallee,Geertsen,sgeertsenj4@globo.com,Female,46.147.151.91
690,Darius,Crompton,dcromptonj5@forbes.com,Male,171.76.37.231
691,Ambros,Keast,akeastj6@yale.edu,Male,156.81.240.139
692,Farra,Seth,fsethj7@instagram.com,Female,58.102.138.46
693,Orelia,Windley,owindleyj8@amazon.de,Female,209.221.95.178
694,Idelle,Haugg,ihauggj9@gov.uk,Female,106.130.217.225
695,Leilah,Di Dello,ldidelloja@ed.gov,Non-binary,82.155.141.55
696,Rolfe,Airton,rairtonjb@woothemes.com,Male,236.36.55.169
697,Mina,Straffon,mstraffonjc@github.com,Non-binary,49.11.143.116
698,Silvana,McIlvaney,smcilvaneyjd@zimbio.com,Female,252.137.237.39
699,Frederick,McKiddin,fmckiddinje@last.fm,Male,51.83.53.43
700,Garrick,Castelyn,gcastelynjf@twitter.com,Male,93.253.64.8
701,Fay,Scolts,fscoltsjg@omniture.com,Female,52.74.16.103
702,Sophi,Reiling,sreilingjh@mysql.com,Female,248.9.201.224
703,Corie,Kummerlowe,ckummerloweji@jalbum.net,Female,199.134.135.37
704,Rutger,Crux,rcruxjj@aol.com,Male,49.6.89.24
705,Gianna,Argontt,gargonttjk@yolasite.com,Female,137.49.188.215
706,Eartha,Cuffe,ecuffejl@amazonaws.com,Female,2.195.15.174
707,Balduin,Derell,bderelljm@ted.com,Male,169.95.177.119
708,Delores,Cathery,dcatheryjn@techcrunch.com,Female,105.170.11.200
709,Camile,Troth,ctrothjo@japanpost.jp,Female,23.255.197.208
710,Susie,Heaker,sheakerjp@google.com.hk,Female,234.127.249.106
711,Christen,Probbings,cprobbingsjq@nydailynews.com,Female,75.158.201.195
712,Ivette,Maudsley,imaudsleyjr@disqus.com,Female,174.40.192.134
713,Hillary,Bunclark,hbunclarkjs@mlb.com,Bigender,253.157.156.207
714,Crissy,Belison,cbelisonjt@e-recht24.de,Female,37.17.164.4
715,Ker,Toffalo,ktoffaloju@ebay.com,Male,159.69.235.100
716,Wanda,Blannin,wblanninjv@fotki.com,Female,109.230.52.38
717,Filide,Trewartha,ftrewarthajw@elpais.com,Female,129.240.213.11
718,Anderson,Sausman,asausmanjx@ebay.co.uk,Male,80.165.6.174
719,Gaspar,Slator,gslatorjy@samsung.com,Male,218.157.69.98
720,Felice,Philbin,fphilbinjz@statcounter.com,Male,27.155.16.158
721,Penrod,Hurworth,phurworthk0@princeton.edu,Male,141.160.204.102
722,Franz,Strand,fstrandk1@printfriendly.com,Male,187.149.238.25
723,Franklin,Meacher,fmeacherk2@biglobe.ne.jp,Male,62.104.240.92
724,Moise,Levine,mlevinek3@reddit.com,Male,225.182.242.85
725,Kelsey,Spittall,kspittallk4@timesonline.co.uk,Female,202.53.157.3
726,Danie,Paton,dpatonk5@mashable.com,Male,221.33.155.6
727,Karil,Klauber,kklauberk6@com.com,Female,250.41.39.39
728,Alma,Astie,aastiek7@walmart.com,Female,221.179.12.241
729,Marin,Dorton,mdortonk8@lycos.com,Female,58.241.219.124
730,Harriett,Ferrotti,hferrottik9@newyorker.com,Female,173.225.240.223
731,Theobald,Shakshaft,tshakshaftka@imgur.com,Male,190.8.173.160
732,Marlow,Bresnen,mbresnenkb@google.com.hk,Male,203.227.52.85
733,Farlay,Colling,fcollingkc@google.de,Male,149.254.144.135
734,Phedra,Woolaston,pwoolastonkd@example.com,Genderfluid,32.6.100.40
735,Barron,Edis,bediske@4shared.com,Male,255.168.2.133
736,Norry,Leband,nlebandkf@spotify.com,Female,99.165.175.190
737,Maynard,Clynmans,mclynmanskg@nbcnews.com,Male,56.58.173.82
738,Wayland,Batistelli,wbatistellikh@dot.gov,Male,126.29.189.207
739,Ashby,Regitz,aregitzki@yellowpages.com,Male,149.52.109.240
740,Jobi,Bromley,jbromleykj@indiegogo.com,Female,116.184.195.183
741,Marna,Penticost,mpenticostkk@forbes.com,Agender,110.42.101.54
742,Leif,Routley,lroutleykl@fastcompany.com,Male,83.145.195.153
743,Ahmed,Tomaselli,atomasellikm@oakley.com,Male,43.197.24.7
744,Elmer,Benzies,ebenzieskn@so-net.ne.jp,Male,199.227.118.45
745,Deloris,Seide,dseideko@gmpg.org,Female,151.252.245.173
746,Milton,Maun,mmaunkp@shareasale.com,Male,204.219.184.11
747,Halie,Tarborn,htarbornkq@wordpress.com,Female,198.0.99.159
748,Kelbee,Leppard,kleppardkr@earthlink.net,Male,224.212.86.80
749,Verile,Plewright,vplewrightks@mapy.cz,Female,96.238.178.229
750,Afton,Houlden,ahouldenkt@dion.ne.jp,Non-binary,129.73.229.2
751,Duff,Petroselli,dpetroselliku@china.com.cn,Male,120.144.181.166
752,Adrea,Burg,aburgkv@last.fm,Female,177.143.22.193
753,Dana,Butler-Bowdon,dbutlerbowdonkw@state.tx.us,Male,146.144.119.223
754,Sherlocke,McMillan,smcmillankx@ameblo.jp,Male,149.122.4.120
755,Sully,Pooke,spookeky@imgur.com,Male,142.39.5.249
756,Guinevere,Bullingham,gbullinghamkz@a8.net,Female,148.171.223.118
757,Edmon,Sousa,esousal0@ucsd.edu,Male,34.130.2.203
758,Karita,Agge,kaggel1@buzzfeed.com,Female,210.130.3.199
759,Rabi,Sifleet,rsifleetl2@alexa.com,Male,157.210.240.194
760,Dorella,Bonome,dbonomel3@paypal.com,Female,128.134.172.154
761,Mervin,Carlesi,mcarlesil4@redcross.org,Male,196.168.213.72
762,Conn,Laidel,claidell5@economist.com,Male,221.241.227.209
763,Vera,O'Dowling,vodowlingl6@ftc.gov,Female,137.52.37.118
764,Judy,Bayless,jbaylessl7@istockphoto.com,Female,166.66.32.216
765,Ellerey,Segot,esegotl8@4shared.com,Male,188.98.26.148
766,Julio,Antonio,jantoniol9@springer.com,Male,241.156.183.123
767,Dean,Gearing,dgearingla@amazon.co.uk,Male,62.194.173.58
768,Clifford,Lewsie,clewsielb@dropbox.com,Male,113.232.113.11
769,Vittoria,Atherton,vathertonlc@intel.com,Female,51.168.69.233
770,Andriana,Bouzan,abouzanld@unicef.org,Female,77.217.37.250
771,Brigitta,Jakoubec,bjakoubecle@mozilla.com,Female,114.59.154.114
772,Darbie,Minelli,dminellilf@icio.us,Genderqueer,194.103.218.115
773,Silvio,Gommes,sgommeslg@europa.eu,Male,42.47.164.230
774,Dayle,Maletratt,dmaletrattlh@china.com.cn,Female,165.62.184.170
775,Leora,Cellier,lcellierli@usda.gov,Female,186.89.252.114
776,Patty,Garrud,pgarrudlj@liveinternet.ru,Male,173.151.169.95
777,Reba,Plenderleith,rplenderleithlk@slate.com,Female,87.182.124.93
778,Emera,Baudains,ebaudainsll@hugedomains.com,Female,30.234.118.88
779,Nickolai,Goggins,ngogginslm@nationalgeographic.com,Male,151.130.80.81
780,Danell,O' Hogan,dohoganln@vk.com,Female,75.98.139.222
781,Drake,Struis,dstruislo@nhs.uk,Male,44.106.189.147
782,Kerstin,Cassie,kcassielp@china.com.cn,Female,94.129.143.193
783,Pam,Sydry,psydrylq@tmall.com,Female,68.209.176.143
784,Margot,Yann,myannlr@sakura.ne.jp,Female,132.225.214.15
785,Charil,Deshon,cdeshonls@fda.gov,Female,74.163.140.62
786,Ortensia,Neagle,oneaglelt@mozilla.com,Female,102.176.72.129
787,Lucais,Wasson,lwassonlu@answers.com,Male,2.77.47.245
788,Shari,Brazil,sbrazillv@bloglines.com,Female,57.233.176.173
789,Percival,Vaud,pvaudlw@google.pl,Male,55.231.108.238
790,Yankee,Pescud,ypescudlx@google.com.hk,Male,158.198.46.255
791,Sara-ann,Pidwell,spidwellly@chicagotribune.com,Female,62.183.14.98
792,Jaquenetta,Lerner,jlernerlz@symantec.com,Female,252.18.110.126
793,Nico,Tapp,ntappm0@shutterfly.com,Male,78.32.157.74
794,Leonhard,Krolik,lkrolikm1@bloglovin.com,Male,15.76.29.254
795,Vince,Rounsefull,vrounsefullm2@seesaa.net,Male,149.129.225.55
796,Roberta,Regina,rreginam3@princeton.edu,Female,209.108.250.158
797,Ashla,Rosengarten,arosengartenm4@etsy.com,Female,113.165.184.119
798,Francklyn,Fifoot,ffifootm5@icio.us,Male,231.225.21.13
799,Domeniga,Dyers,ddyersm6@vkontakte.ru,Female,63.152.249.255
800,Abelard,Sheers,asheersm7@blog.com,Genderfluid,208.227.142.97
801,Olwen,Grimster,ogrimsterm8@unicef.org,Female,186.182.132.126
802,Carver,Suart,csuartm9@home.pl,Male,196.32.60.136
803,Tiebout,Burdfield,tburdfieldma@networkadvertising.org,Male,237.254.32.220
804,Terese,Hallock,thallockmb@google.ru,Female,82.80.244.101
805,Prentice,Chatten,pchattenmc@over-blog.com,Male,53.197.248.71
806,Mira,Orcas,morcasmd@instagram.com,Female,21.178.235.179
807,Nap,Keiling,nkeilingme@nih.gov,Genderfluid,213.225.100.32
808,Minnnie,Chillingworth,mchillingworthmf@time.com,Female,47.201.241.221
809,Raynell,Mathan,rmathanmg@behance.net,Female,104.47.25.56
810,Dannye,Macia,dmaciamh@zimbio.com,Female,74.108.222.55
811,Gavan,Burrows,gburrowsmi@latimes.com,Male,24.16.247.58
812,Tadd,Parnall,tparnallmj@auda.org.au,Male,252.255.136.92
813,Torrey,Pechard,tpechardmk@friendfeed.com,Male,64.34.167.21
814,Elyssa,Salter,esalterml@studiopress.com,Female,107.249.247.86
815,Rorke,Manhood,rmanhoodmm@google.cn,Male,250.122.252.16
816,Dorri,Endley,dendleymn@twitpic.com,Female,154.223.95.69
817,Camilla,Greenalf,cgreenalfmo@ft.com,Female,243.156.4.91
818,Kara,Bartalot,kbartalotmp@tripadvisor.com,Female,145.227.45.244
819,Gus,Witherington,gwitheringtonmq@about.me,Male,77.45.136.12
820,Jorey,Lamburn,jlamburnmr@yandex.ru,Female,197.75.71.172
821,Olly,Phillpot,ophillpotms@google.nl,Male,16.123.125.152
822,Curtis,Triebner,ctriebnermt@deviantart.com,Male,17.143.52.150
823,Eilis,Izakovitz,eizakovitzmu@diigo.com,Female,182.69.99.19
824,Wilbur,Moyser,wmoysermv@state.tx.us,Male,136.95.75.44
825,Ami,Blindt,ablindtmw@scribd.com,Female,105.130.6.22
826,Sibbie,Radage,sradagemx@reference.com,Female,185.35.90.196
827,Ricki,Jelfs,rjelfsmy@digg.com,Male,152.2.187.236
828,Des,Bonifazio,dbonifaziomz@technorati.com,Male,104.166.89.29
829,Bryn,Pedgrift,bpedgriftn0@posterous.com,Male,51.119.195.147
830,Dyna,Reding,dredingn1@aol.com,Polygender,52.140.137.167
831,Worthy,Cordie,wcordien2@4shared.com,Male,229.92.44.151
832,Perkin,O'Hdirscoll,pohdirscolln3@typepad.com,Male,187.231.29.31
833,Walsh,Yanele,wyanelen4@cbc.ca,Male,146.70.41.227
834,Toby,Milbank,tmilbankn5@tmall.com,Male,83.223.46.119
835,Rina,Splevin,rsplevinn6@cyberchimps.com,Female,251.132.27.12
836,Orsola,Uccello,ouccellon7@va.gov,Female,170.200.26.249
837,Lotte,Gowan,lgowann8@cargocollective.com,Genderfluid,60.84.9.63
838,Khalil,Hocking,khockingn9@craigslist.org,Male,242.132.47.69
839,Twila,Fulkes,tfulkesna@alibaba.com,Non-binary,215.202.71.2
840,Dagmar,Jobson,djobsonnb@hexun.com,Genderfluid,237.128.31.104
841,Romona,O'Flaverty,roflavertync@studiopress.com,Female,99.74.9.56
842,Marya,Jost,mjostnd@ed.gov,Female,214.25.149.97
843,Jorie,Dicty,jdictyne@typepad.com,Female,54.112.69.87
844,Russell,Inold,rinoldnf@sphinn.com,Male,36.184.112.247
845,Abbie,Sitwell,asitwellng@reverbnation.com,Male,238.190.12.133
846,Nancy,Duesberry,nduesberrynh@rambler.ru,Female,94.208.110.225
847,Ulick,Cancelier,ucancelierni@mlb.com,Genderfluid,92.234.59.20
848,Arly,Laidlow,alaidlownj@1688.com,Female,138.223.222.84
849,Marla,Spini,mspinink@feedburner.com,Female,114.23.50.43
850,Eben,Raisher,eraishernl@va.gov,Male,137.219.57.199
851,Claudina,Shoppee,cshoppeenm@fastcompany.com,Female,212.96.209.153
852,Aldin,Kenworthey,akenwortheynn@cyberchimps.com,Male,118.46.48.88
853,Guillema,Cragoe,gcragoeno@yale.edu,Female,104.176.145.227
854,Margaretha,Muncey,mmunceynp@flavors.me,Female,240.20.37.174
855,Carmine,Winsbury,cwinsburynq@berkeley.edu,Male,217.54.152.140
856,Cybil,Rzehorz,crzehorznr@epa.gov,Female,191.25.232.36
857,Joycelin,Ekins,jekinsns@qq.com,Female,205.212.12.51
858,Thaine,Crossgrove,tcrossgrovent@who.int,Male,229.160.161.150
859,Allard,Lycett,alycettnu@parallels.com,Male,112.205.0.201
860,Hugo,Blazi,hblazinv@google.com.br,Male,104.188.66.251
861,Salome,Kondratyuk,skondratyuknw@slashdot.org,Non-binary,118.127.5.202
862,Blithe,Chapelle,bchapellenx@accuweather.com,Female,81.101.136.140
863,Calhoun,Lapham,claphamny@ca.gov,Male,56.215.205.223
864,Caspar,Charteris,ccharterisnz@geocities.jp,Male,2.69.177.74
865,Ragnar,Lackeye,rlackeyeo0@google.pl,Male,24.27.48.154
866,Egbert,Hartland,ehartlando1@eventbrite.com,Male,111.79.140.235
867,Kellia,Brugmann,kbrugmanno2@friendfeed.com,Female,167.195.65.23
868,Bradney,Farncomb,bfarncombo3@goo.ne.jp,Male,10.249.16.211
869,Theresa,Nayer,tnayero4@gizmodo.com,Female,117.106.108.27
870,Ambrosius,Donne,adonneo5@independent.co.uk,Male,11.233.126.148
871,Gaven,Ingall,gingallo6@irs.gov,Male,31.212.48.209
872,Pip,Dumbrall,pdumbrallo7@xing.com,Bigender,161.134.229.176
873,Chelsea,Talby,ctalbyo8@miitbeian.gov.cn,Female,117.161.18.127
874,Anabal,Boldry,aboldryo9@ox.ac.uk,Genderqueer,219.165.194.224
875,Keelia,Esposita,kespositaoa@domainmarket.com,Female,146.19.184.78
876,Stillmann,Mynott,smynottob@free.fr,Male,124.45.3.150
877,Yolanthe,Zupone,yzuponeoc@rambler.ru,Female,105.228.98.14
878,Rahal,Lacelett,rlacelettod@freewebs.com,Female,176.37.218.139
879,Pippo,Luff,pluffoe@berkeley.edu,Male,61.77.95.190
880,Carlyle,Smyley,csmyleyof@cornell.edu,Genderqueer,154.127.1.108
881,Hamid,Gerling,hgerlingog@admin.ch,Male,60.29.109.234
882,Amos,Bingham,abinghamoh@dailymotion.com,Male,152.227.60.103
883,Susanna,Exell,sexelloi@foxnews.com,Female,229.179.53.4
884,Huntley,Caldes,hcaldesoj@sohu.com,Male,86.149.231.113
885,Sylvester,Michelin,smichelinok@woothemes.com,Male,80.86.1.98
886,Filmer,Rowsel,frowselol@marketwatch.com,Genderqueer,132.162.28.13
887,Aimee,Vickerman,avickermanom@unblog.fr,Female,97.55.211.192
888,Vladamir,Popley,vpopleyon@mediafire.com,Male,209.68.61.198
889,Egor,Chilcott,echilcottoo@squidoo.com,Male,183.16.95.173
890,Mollee,Kirkhouse,mkirkhouseop@nationalgeographic.com,Non-binary,174.107.137.230
891,Elnora,Burcher,eburcheroq@wikia.com,Female,83.148.166.8
892,Gallard,Hallede,ghalledeor@wiley.com,Male,202.148.219.247
893,Weider,Railton,wrailtonos@ucoz.com,Male,82.46.202.233
894,Field,Threadgall,fthreadgallot@shop-pro.jp,Male,89.247.129.157
895,Barde,O'Heyne,boheyneou@yolasite.com,Male,3.36.5.227
896,Tiena,Fivey,tfiveyov@homestead.com,Female,54.236.77.166
897,Delmor,Chuter,dchuterow@shinystat.com,Male,22.195.249.188
898,Shep,Frigot,sfrigotox@chicagotribune.com,Male,174.144.198.204
899,Zabrina,Martinson,zmartinsonoy@wunderground.com,Female,59.220.235.235
900,Lovell,MacCurlye,lmaccurlyeoz@fastcompany.com,Male,60.22.225.29
901,Elaina,Antognoni,eantognonip0@arizona.edu,Female,108.119.147.254
902,Janey,Ramsby,jramsbyp1@wikia.com,Female,15.162.189.241
903,Bethena,McFadden,bmcfaddenp2@nymag.com,Female,70.7.180.142
904,Johnathon,Rapinett,jrapinettp3@businessinsider.com,Male,230.141.33.86
905,Shayne,Godbold,sgodboldp4@washingtonpost.com,Genderqueer,56.146.100.201
906,Garrek,Pitts,gpittsp5@omniture.com,Male,165.33.63.187
907,Garey,Babber,gbabberp6@seattletimes.com,Male,177.88.218.224
908,Anne-corinne,Arnoldi,aarnoldip7@de.vu,Female,228.143.92.206
909,Elayne,Walker,ewalkerp8@nymag.com,Female,134.156.112.210
910,Jeff,Shafier,jshafierp9@altervista.org,Male,27.50.219.180
911,Fletch,Meins,fmeinspa@toplist.cz,Male,220.196.4.9
912,Zacharie,Cankett,zcankettpb@ning.com,Genderqueer,26.176.22.43
913,Hedi,Dunbobbin,hdunbobbinpc@digg.com,Female,231.244.30.114
914,Bendix,Heikkinen,bheikkinenpd@google.com,Male,179.176.185.123
915,Monte,Massinger,mmassingerpe@blogspot.com,Male,47.176.160.45
916,Kass,Novotne,knovotnepf@miibeian.gov.cn,Female,100.249.109.165
917,Oona,Kerfoot,okerfootpg@vimeo.com,Female,220.99.149.241
918,Adams,Spellworth,aspellworthph@vinaora.com,Male,153.73.139.132
919,Nicolai,Allingham,nallinghampi@free.fr,Male,164.79.173.16
920,Silvio,Wakeman,swakemanpj@independent.co.uk,Male,10.82.204.195
921,Alex,Boliver,aboliverpk@livejournal.com,Female,157.15.110.23
922,Mora,Chaudron,mchaudronpl@adobe.com,Female,231.127.208.7
923,Chelsea,Godleman,cgodlemanpm@friendfeed.com,Female,225.54.150.214
924,Christoper,Pragnall,cpragnallpn@chronoengine.com,Male,241.112.93.182
925,Essie,Stennard,estennardpo@fda.gov,Female,38.193.23.5
926,Carmencita,MacCourt,cmaccourtpp@craigslist.org,Female,209.253.41.179
927,Milo,Merill,mmerillpq@yahoo.co.jp,Male,56.102.44.129
928,Rodrigo,Dunsire,rdunsirepr@clickbank.net,Polygender,139.141.159.99
929,Aprilette,Bowlas,abowlasps@issuu.com,Female,130.49.255.220
930,Roanne,Maghull,rmaghullpt@vinaora.com,Female,131.35.150.241
931,Earvin,Sammars,esammarspu@studiopress.com,Male,119.83.187.19
932,Wolfgang,Coomer,wcoomerpv@meetup.com,Male,211.24.84.202
933,Flory,Bresnahan,fbresnahanpw@sohu.com,Male,235.234.33.96
934,Burtie,McGillreich,bmcgillreichpx@hc360.com,Genderfluid,9.183.15.85
935,Kippar,Papez,kpapezpy@epa.gov,Male,7.97.254.204
936,Hannis,McGruar,hmcgruarpz@jugem.jp,Female,250.44.6.33
937,Goldy,Balser,gbalserq0@craigslist.org,Female,214.96.148.36
938,Ken,Garrad,kgarradq1@mayoclinic.com,Male,111.120.165.199
939,Suki,Tabb,stabbq2@google.nl,Female,76.218.120.239
940,Ruggiero,Deavin,rdeavinq3@usgs.gov,Male,213.122.235.182
941,Wolfy,Lampitt,wlampittq4@wikimedia.org,Male,193.48.205.17
942,Mellie,O'Doohaine,modoohaineq5@ca.gov,Female,73.233.169.44
943,Kylie,Egglestone,kegglestoneq6@webmd.com,Male,139.171.255.117
944,Tate,Balog,tbalogq7@chicagotribune.com,Female,3.198.166.42
945,Ilka,Rickasse,irickasseq8@addtoany.com,Female,15.5.115.42
946,Cornell,Gilardi,cgilardiq9@amazon.de,Male,198.82.220.122
947,Merrick,Goymer,mgoymerqa@cmu.edu,Genderfluid,70.179.9.111
948,Anny,Alleyn,aalleynqb@scientificamerican.com,Female,15.72.149.136
949,Jillayne,Demanche,jdemancheqc@sourceforge.net,Female,6.134.205.139
950,Lind,Dearlove,ldearloveqd@mtv.com,Male,50.192.31.204
951,Nicolais,Planks,nplanksqe@mayoclinic.com,Male,249.240.130.3
952,Hermione,Petrichat,hpetrichatqf@ehow.com,Female,208.183.220.193
953,Timoteo,Beer,tbeerqg@paypal.com,Male,114.125.85.231
954,Maureen,Keddy,mkeddyqh@blinklist.com,Female,129.204.243.95
955,Bevon,Siemon,bsiemonqi@booking.com,Bigender,80.27.129.64
956,Llywellyn,Balham,lbalhamqj@huffingtonpost.com,Male,60.208.125.236
957,Hodge,Bowcher,hbowcherqk@fastcompany.com,Male,116.32.23.95
958,Bren,Turtle,bturtleql@eepurl.com,Male,199.28.181.6
959,Marysa,Tuxwell,mtuxwellqm@earthlink.net,Bigender,19.215.188.54
960,Andriana,Morshead,amorsheadqn@weather.com,Female,176.179.150.109
961,Cristionna,Lauder,clauderqo@eventbrite.com,Non-binary,235.162.27.130
962,Vladamir,Rubinow,vrubinowqp@csmonitor.com,Male,92.156.10.212
963,Izaak,Jorgensen,ijorgensenqq@berkeley.edu,Male,79.202.195.225
964,Wadsworth,Agar,wagarqr@free.fr,Male,26.4.203.136
965,Staffard,Jacobovitz,sjacobovitzqs@cargocollective.com,Male,1.130.9.229
966,Towney,Gaythwaite,tgaythwaiteqt@goo.gl,Male,177.228.25.144
967,Skippy,Camock,scamockqu@eventbrite.com,Male,113.240.170.165
968,Sande,Boorn,sboornqv@stumbleupon.com,Agender,122.26.125.74
969,Katherine,Buret,kburetqw@usnews.com,Female,146.43.64.64
970,Doe,Mapp,dmappqx@flickr.com,Female,228.108.151.84
971,Eamon,Zebedee,ezebedeeqy@wisc.edu,Male,25.220.63.105
972,Enos,Alti,ealtiqz@accuweather.com,Genderqueer,141.41.117.87
973,Felizio,Santore,fsantorer0@adobe.com,Male,24.82.75.220
974,Tammi,Bakes,tbakesr1@woothemes.com,Female,183.156.78.125
975,Nikki,Wernher,nwernherr2@pen.io,Male,197.190.53.40
976,Shayne,Prescote,sprescoter3@army.mil,Male,6.228.228.184
977,Dilly,Kemetz,dkemetzr4@china.com.cn,Male,216.79.239.212
978,Darelle,Josovich,djosovichr5@merriam-webster.com,Female,241.145.31.123
979,Jeremy,Rait,jraitr6@mapquest.com,Male,254.26.41.119
980,Mathilde,Wakes,mwakesr7@mapquest.com,Female,218.127.157.30
981,Yvonne,Maciaszek,ymaciaszekr8@discuz.net,Female,6.17.250.77
982,Olivia,Isakovitch,oisakovitchr9@nsw.gov.au,Female,93.0.59.227
983,Lucian,Laughren,llaughrenra@ovh.net,Male,37.101.68.13
984,Zaccaria,Lenglet,zlengletrb@alibaba.com,Male,158.221.20.39
985,Rebecka,Luberto,rlubertorc@newyorker.com,Agender,231.202.230.243
986,Moyna,Casserly,mcasserlyrd@pbs.org,Female,204.138.91.63
987,Hollie,Ogbourne,hogbournere@cisco.com,Female,20.64.252.69
988,Jordanna,Dahill,jdahillrf@bbb.org,Female,98.25.154.196
989,Leilah,Anshell,lanshellrg@lulu.com,Female,23.185.72.123
990,Beverly,Daughtry,bdaughtryrh@archive.org,Female,123.119.90.144
991,Benny,Tunkin,btunkinri@blogtalkradio.com,Male,208.78.71.169
992,Thorny,Halladay,thalladayrj@cisco.com,Male,89.11.164.13
993,Alyssa,Dovermann,adovermannrk@wiley.com,Female,160.183.141.217
994,Ferrell,Inger,fingerrl@oaic.gov.au,Male,237.183.82.36
995,Elbertina,Madigan,emadiganrm@tmall.com,Female,97.254.144.81
996,Bret,Pydcock,bpydcockrn@xing.com,Male,80.221.173.14
997,Asher,Thirst,athirstro@techcrunch.com,Male,120.146.189.160
998,Zulema,Durden,zdurdenrp@taobao.com,Female,238.207.57.13
999,Neville,Willford,nwillfordrq@tinyurl.com,Male,42.207.95.228
1000,Lucas,Collocott,lcollocottrr@scientificamerican.com,Male,130.133.161.234
